INSERT INTO annual_leave_category (id, name, type)
VALUES (1, '기본발생', '부여'),
       (2, '1년미만', '부여'),
       (3, '보상', '부여'),
       (4, '대체', '부여'),
       (5, '기본발생', '소진'),
       (6, '1년미만', '소진'),
       (7, '보상', '소진'),
       (8, '대체', '소진'),
       (9, '초기화', '소진');

INSERT INTO annual_leave_grant_record (id, amount, date, expiration_date, annual_leave_category_id, employee_id)
VALUES (1, 15, '2013-01-15', '2014-01-15', 1, 201211001),
       (2, 15, '2014-01-15', '2015-01-15', 1, 201211001),
       (3, 15, '2015-01-15', '2016-01-15', 1, 201211001),
       (4, 15, '2016-01-15', '2017-01-15', 1, 201211001),
       (5, 15, '2017-01-15', '2018-01-15', 1, 201211001),
       (6, 15, '2018-01-15', '2019-01-15', 1, 201211001),
       (7, 15, '2019-01-15', '2020-01-15', 1, 201211001),
       (8, 15, '2020-01-15', '2021-01-15', 1, 201211001),
       (9, 15, '2021-01-15', '2022-01-15', 1, 201211001),
       (10, 15, '2022-01-15', '2023-01-15', 1, 201211001),
       (11, 15, '2023-01-15', '2024-01-15', 1, 201211001),
       (12, 15, '2016-05-27', '2017-05-27', 1, 201414005),
       (13, 15, '2017-05-27', '2018-05-27', 1, 201414005),
       (14, 15, '2018-05-27', '2019-05-27', 1, 201414005),
       (15, 15, '2019-05-27', '2020-05-27', 1, 201414005),
       (16, 15, '2020-05-27', '2021-05-27', 1, 201414005),
       (17, 15, '2021-05-27', '2022-05-27', 1, 201414005),
       (18, 15, '2022-05-27', '2023-05-27', 1, 201414005),
       (19, 15, '2023-05-27', '2024-05-27', 1, 201414005),
       (20, 1, '2014-06-27', '2015-06-27', 2, 201414005),
       (21, 1, '2014-07-27', '2015-07-27', 2, 201414005),
       (22, 1, '2014-08-27', '2015-08-27', 2, 201414005),
       (23, 1, '2014-09-27', '2015-09-27', 2, 201414005),
       (24, 1, '2014-10-27', '2015-10-27', 2, 201414005),
       (25, 1, '2014-11-27', '2015-11-27', 2, 201414005),
       (26, 1, '2014-12-27', '2015-12-27', 2, 201414005),
       (27, 1, '2015-01-27', '2016-01-27', 2, 201414005),
       (28, 1, '2015-02-27', '2016-02-27', 2, 201414005),
       (29, 1, '2015-03-27', '2016-03-27', 2, 201414005),
       (30, 1, '2015-04-27', '2016-04-27', 2, 201414005),
       (31, 1, '2014-09-15', '2015-09-15', 3, 201414005),
       (32, 1, '2014-09-16', '2015-09-16', 4, 201414005),
       (33, 14, '2017-07-15', '2018-07-14', 1, 202215017),
       (34, 13, '2017-09-29', '2018-09-28', 2, 201612009),
       (35, 12, '2017-11-21', '2018-11-20', 3, 202113015),
       (36, 11, '2018-01-13', '2019-01-12', 4, 202012014),
       (37, 15, '2018-03-18', '2019-03-17', 1, 202313020),
       (38, 14, '2018-05-12', '2019-05-11', 2, 202312019),
       (39, 13, '2018-08-29', '2019-08-28', 3, 201211001),
       (40, 12, '2018-11-20', '2019-11-19', 4, 201713010),
       (41, 11, '2019-01-17', '2020-01-16', 1, 202114016),
       (42, 15, '2019-03-12', '2020-03-11', 2, 202312019),
       (43, 14, '2019-05-20', '2020-05-19', 3, 202113015),
       (44, 13, '2019-08-15', '2020-08-14', 4, 202311018),
       (45, 12, '2019-11-21', '2020-11-20', 1, 201211001),
       (46, 11, '2020-02-14', '2021-02-13', 2, 201211001),
       (47, 15, '2020-04-12', '2021-04-11', 3, 202312019),
       (48, 14, '2020-07-15', '2021-07-14', 4, 202313020),
       (49, 13, '2020-09-18', '2021-09-17', 1, 202215017),
       (50, 12, '2020-12-20', '2021-12-19', 2, 202411022),
       (51, 11, '2021-01-11', '2022-01-10', 3, 201211001),
       (52, 15, '2021-04-14', '2022-04-13', 4, 202312019),
       (53, 14, '2021-06-12', '2022-06-11', 1, 201313003),
       (54, 13, '2021-08-25', '2022-08-24', 2, 202312019),
       (55, 12, '2021-11-18', '2022-11-17', 3, 202313020),
       (56, 11, '2022-01-29', '2023-01-28', 4, 201211001),
       (57, 15, '2022-04-10', '2023-04-09', 1, 201211001),
       (58, 14, '2022-06-14', '2023-06-13', 2, 202215017),
       (59, 13, '2022-08-19', '2023-08-18', 3, 202114016),
       (60, 12, '2022-10-21', '2023-10-20', 4, 201211001),
       (61, 11, '2023-01-17', '2024-01-16', 1, 202113015),
       (62, 15, '2023-03-12', '2024-03-11', 2, 202114016),
       (63, 14, '2023-05-17', '2024-05-16', 3, 202312019),
       (64, 13, '2023-08-21', '2024-08-20', 4, 201211001),
       (65, 12, '2023-11-19', '2024-11-18', 1, 202215017),
       (66, 11, '2024-01-14', '2025-01-13', 2, 201211001),
       (67, 15, '2024-03-18', '2025-03-17', 3, 201314004),
       (68, 14, '2024-05-10', '2025-05-09', 4, 201313003),
       (69, 13, '2024-07-19', '2025-07-18', 1, 202312019);





INSERT INTO annual_leave_used_record (id, used_start_date, used_end_date, leave_session, used_amount, remaining_amount,
                                      employee_id, annual_leave_category_id, annual_leave_grant_record_id,
                                      approval_document_id)
VALUES (1, '2013-01-20', '2013-01-20', '오전', 0.5, 14.5, 201211001, 5, 1, NULL),
       (2, '2013-02-15', '2013-02-15', '오후', 0.5, 14, 201211001, 5, 1, NULL),
       (3, '2013-03-10', '2013-03-10', '오전', 0.5, 13.5, 201211001, 5, 1, NULL),
       (4, '2013-04-05', '2013-04-05', '오후', 0.5, 13, 201211001, 5, 1, NULL),
       (5, '2013-05-01', '2013-05-01', '오전', 0.5, 12.5, 201211001, 5, 1, NULL),
       (6, '2013-06-15', '2013-06-15', '오전', 0.5, 12, 201211001, 5, 1, NULL),
       (7, '2013-07-10', '2013-07-10', '오후', 0.5, 11.5, 201211001, 5, 1, NULL),
       (8, '2013-08-05', '2013-08-05', '오전', 0.5, 11, 201211001, 5, 1, NULL),
       (9, '2013-09-20', '2013-09-20', '오후', 0.5, 10.5, 201211001, 5, 1, NULL),
       (10, '2013-10-15', '2013-10-15', '오전', 0.5, 10, 201211001, 5, 1, NULL),
       (11, '2013-11-10', '2013-11-10', '오후', 0.5, 9.5, 201211001, 5, 1, NULL),
       (12, '2013-12-05', '2013-12-05', '오전', 0.5, 9, 201211001, 5, 1, NULL),
       (13, '2014-01-20', '2014-01-20', '오전', 0.5, 14.5, 201211001, 5, 2, NULL),
       (14, '2014-02-15', '2014-02-15', '오후', 0.5, 14, 201211001, 5, 2, NULL),
       (15, '2014-03-10', '2014-03-10', '오전', 0.5, 13.5, 201211001, 5, 2, NULL),
       (16, '2014-04-05', '2014-04-05', '오후', 0.5, 13, 201211001, 5, 2, NULL),
       (17, '2014-05-01', '2014-05-01', '오전', 0.5, 12.5, 201211001, 5, 2, NULL),
       (18, '2014-06-15', '2014-06-15', '오전', 0.5, 12, 201211001, 5, 2, NULL),
       (19, '2014-07-10', '2014-07-10', '오후', 0.5, 11.5, 201211001, 5, 2, NULL),
       (20, '2014-08-05', '2014-08-05', '오전', 0.5, 11, 201211001, 5, 2, NULL),
       (21, '2014-09-20', '2014-09-20', '오후', 0.5, 10.5, 201211001, 5, 2, NULL),
       (22, '2014-10-15', '2014-10-15', '오전', 0.5, 10, 201211001, 5, 2, NULL),
       (23, '2014-11-10', '2014-11-10', '오후', 0.5, 9.5, 201211001, 5, 2, NULL),
       (24, '2014-12-05', '2014-12-05', '오전', 0.5, 9, 201211001, 5, 2, NULL),
       (25, '2015-01-20', '2015-01-20', '오전', 0.5, 14.5, 201211001, 5, 3, NULL),
       (26, '2015-02-15', '2015-02-15', '오후', 0.5, 14, 201211001, 5, 3, NULL),
       (27, '2015-03-10', '2015-03-10', '오전', 0.5, 13.5, 201211001, 5, 3, NULL),
       (28, '2015-04-05', '2015-04-05', '오후', 0.5, 13, 201211001, 5, 3, NULL),
       (29, '2015-05-01', '2015-05-01', '오전', 0.5, 12.5, 201211001, 5, 3, NULL),
       (30, '2015-06-15', '2015-06-15', '오전', 0.5, 12, 201211001, 5, 3, NULL),
       (31, '2015-07-10', '2015-07-10', '오후', 0.5, 11.5, 201211001, 5, 3, NULL),
       (32, '2015-08-05', '2015-08-05', '오전', 0.5, 11, 201211001, 5, 3, NULL),
       (33, '2015-09-20', '2015-09-20', '오후', 0.5, 10.5, 201211001, 5, 3, NULL),
       (34, '2015-10-15', '2015-10-15', '오전', 0.5, 10, 201211001, 5, 3, NULL),
       (35, '2015-11-10', '2015-11-10', '오후', 0.5, 9.5, 201211001, 5, 3, NULL),
       (36, '2015-12-05', '2015-12-05', '오전', 0.5, 9, 201211001, 5, 3, NULL),
       (37, '2016-01-20', '2016-01-20', '오전', 0.5, 14.5, 201211001, 5, 4, NULL),
       (38, '2016-02-15', '2016-02-15', '오후', 0.5, 14, 201211001, 5, 4, NULL),
       (39, '2016-03-10', '2016-03-10', '오전', 0.5, 13.5, 201211001, 5, 4, NULL),
       (40, '2016-04-05', '2016-04-05', '오후', 0.5, 13, 201211001, 5, 4, NULL),
       (41, '2016-05-01', '2016-05-01', '오전', 0.5, 12.5, 201211001, 5, 4, NULL),
       (42, '2016-06-15', '2016-06-15', '오전', 0.5, 12, 201211001, 5, 4, NULL),
       (43, '2016-07-10', '2016-07-10', '오후', 0.5, 11.5, 201211001, 5, 4, NULL),
       (44, '2016-08-05', '2016-08-05', '오전', 0.5, 11, 201211001, 5, 4, NULL),
       (45, '2016-09-20', '2016-09-20', '오후', 0.5, 10.5, 201211001, 5, 4, NULL),
       (46, '2016-10-15', '2016-10-15', '오전', 0.5, 10, 201211001, 5, 4, NULL),
       (47, '2016-11-10', '2016-11-10', '오후', 0.5, 9.5, 201211001, 5, 4, NULL),
       (48, '2016-12-05', '2016-12-05', '오전', 0.5, 9, 201211001, 5, 4, NULL),
       (49, '2017-01-20', '2017-01-20', '오전', 0.5, 14.5, 201211001, 5, 5, NULL),
       (50, '2017-02-15', '2017-02-15', '오후', 0.5, 14, 201211001, 5, 5, NULL),
       (51, '2017-03-10', '2017-03-10', '오전', 0.5, 13.5, 201211001, 5, 5, NULL),
       (52, '2017-04-05', '2017-04-05', '오후', 0.5, 13, 201211001, 5, 5, NULL),
       (53, '2017-05-01', '2017-05-01', '오전', 0.5, 12.5, 201211001, 5, 5, NULL),
       (54, '2017-06-15', '2017-06-15', '오전', 0.5, 12, 201211001, 5, 5, NULL),
       (55, '2017-07-10', '2017-07-10', '오후', 0.5, 11.5, 201211001, 5, 5, NULL),
       (56, '2017-08-05', '2017-08-05', '오전', 0.5, 11, 201211001, 5, 5, NULL),
       (57, '2017-09-20', '2017-09-20', '오후', 0.5, 10.5, 201211001, 5, 5, NULL),
       (58, '2017-10-15', '2017-10-15', '오전', 0.5, 10, 201211001, 5, 5, NULL),
       (59, '2017-11-10', '2017-11-10', '오후', 0.5, 9.5, 201211001, 5, 5, NULL),
       (60, '2017-12-05', '2017-12-05', '오전', 0.5, 9, 201211001, 5, 5, NULL),
       (61, '2018-01-20', '2018-01-20', '오전', 0.5, 14.5, 201211001, 5, 6, NULL),
       (62, '2018-02-15', '2018-02-15', '오후', 0.5, 14, 201211001, 5, 6, NULL),
       (63, '2018-03-10', '2018-03-10', '오전', 0.5, 13.5, 201211001, 5, 6, NULL),
       (64, '2018-04-05', '2018-04-05', '오후', 0.5, 13, 201211001, 5, 6, NULL),
       (65, '2018-05-01', '2018-05-01', '오전', 0.5, 12.5, 201211001, 5, 6, NULL),
       (66, '2018-06-15', '2018-06-15', '오전', 0.5, 12, 201211001, 5, 6, NULL),
       (67, '2018-07-10', '2018-07-10', '오후', 0.5, 11.5, 201211001, 5, 6, NULL),
       (68, '2018-08-05', '2018-08-05', '오전', 0.5, 11, 201211001, 5, 6, NULL),
       (69, '2018-09-20', '2018-09-20', '오후', 0.5, 10.5, 201211001, 5, 6, NULL),
       (70, '2018-10-15', '2018-10-15', '오전', 0.5, 10, 201211001, 5, 6, NULL),
       (71, '2018-11-10', '2018-11-10', '오후', 0.5, 9.5, 201211001, 5, 6, NULL),
       (72, '2018-12-05', '2018-12-05', '오전', 0.5, 9, 201211001, 5, 6, NULL),
       (73, '2019-01-20', '2019-01-20', '오전', 0.5, 14.5, 201211001, 5, 7, NULL),
       (74, '2019-02-15', '2019-02-15', '오후', 0.5, 14, 201211001, 5, 7, NULL),
       (75, '2019-03-10', '2019-03-10', '오전', 0.5, 13.5, 201211001, 5, 7, NULL),
       (76, '2019-04-05', '2019-04-05', '오후', 0.5, 13, 201211001, 5, 7, NULL),
       (77, '2019-05-01', '2019-05-01', '오전', 0.5, 12.5, 201211001, 5, 7, NULL),
       (78, '2019-06-15', '2019-06-15', '오전', 0.5, 12, 201211001, 5, 7, NULL),
       (79, '2019-07-10', '2019-07-10', '오후', 0.5, 11.5, 201211001, 5, 7, NULL),
       (80, '2019-08-05', '2019-08-05', '오전', 0.5, 11, 201211001, 5, 7, NULL),
       (81, '2019-09-20', '2019-09-20', '오후', 0.5, 10.5, 201211001, 5, 7, NULL),
       (82, '2019-10-15', '2019-10-15', '오전', 0.5, 10, 201211001, 5, 7, NULL),
       (83, '2019-11-10', '2019-11-10', '오후', 0.5, 9.5, 201211001, 5, 7, NULL),
       (84, '2019-12-05', '2019-12-05', '오전', 0.5, 9, 201211001, 5, 7, NULL),
       (85, '2020-01-20', '2020-01-20', '오전', 0.5, 14.5, 201211001, 5, 8, NULL),
       (86, '2020-02-15', '2020-02-15', '오후', 0.5, 14, 201211001, 5, 8, NULL),
       (87, '2020-03-10', '2020-03-10', '오전', 0.5, 13.5, 201211001, 5, 8, NULL),
       (88, '2020-04-05', '2020-04-05', '오후', 0.5, 13, 201211001, 5, 8, NULL),
       (89, '2020-05-01', '2020-05-01', '오전', 0.5, 12.5, 201211001, 5, 8, NULL),
       (90, '2020-06-15', '2020-06-15', '오전', 0.5, 12, 201211001, 5, 8, NULL),
       (91, '2020-07-10', '2020-07-10', '오후', 0.5, 11.5, 201211001, 5, 8, NULL),
       (92, '2020-08-05', '2020-08-05', '오전', 0.5, 11, 201211001, 5, 8, NULL),
       (93, '2020-09-20', '2020-09-20', '오후', 0.5, 10.5, 201211001, 5, 8, NULL),
       (94, '2020-10-15', '2020-10-15', '오전', 0.5, 10, 201211001, 5, 8, NULL),
       (95, '2020-11-10', '2020-11-10', '오후', 0.5, 9.5, 201211001, 5, 8, NULL),
       (96, '2020-12-05', '2020-12-05', '오전', 0.5, 9, 201211001, 5, 8, NULL),
       (97, '2021-01-20', '2021-01-20', '오전', 0.5, 14.5, 201211001, 5, 9, NULL),
       (98, '2021-02-15', '2021-02-15', '오후', 0.5, 14, 201211001, 5, 9, NULL),
       (99, '2021-03-10', '2021-03-10', '오전', 0.5, 13.5, 201211001, 5, 9, NULL),
       (100, '2021-04-05', '2021-04-05', '오후', 0.5, 13, 201211001, 5, 9, NULL);

INSERT INTO annual_leave_used_record (id, used_start_date, used_end_date, leave_session, used_amount, remaining_amount,
                                      employee_id, annual_leave_category_id, annual_leave_grant_record_id,
                                      approval_document_id)
VALUES
    (101, '2024-05-29', '2024-05-29', '오후', 0.5, 10.5, '201911013', 3, 8, NULL),
    (102, '2024-06-13', '2024-06-13', '오후', 0.5, 11.0, '201612009', 1, 2, NULL),
    (103, '2024-07-15', '2024-07-15', '오전', 0.5, 11.5, '201314004', 5, 4, NULL),
    (104, '2024-07-07', '2024-07-07', '오후', 0.5, 14.0, '201911013', 1, 2, NULL),
    (105, '2024-07-12', '2024-07-12', '오후', 0.5, 11.0, '201911013', 4, 9, NULL),
    (106, '2024-07-16', '2024-07-16', '오후', 0.5, 12.5, '202312019', 5, 4, NULL),
    (107, '2024-06-04', '2024-06-04', '오후', 0.5, 7.5, '201313003', 3, 6, NULL),
    (108, '2024-05-19', '2024-05-19', '오후', 0.5, 8.0, '202311018', 2, 8, NULL),
    (109, '2024-08-17', '2024-08-17', '오후', 0.5, 10.5, '201414005', 2, 1, NULL),
    (110, '2024-08-28', '2024-08-28', '오전', 0.5, 13.5, '202012014', 2, 3, NULL),
    (111, '2024-05-25', '2024-05-25', '오후', 0.5, 12.0, '201911013', 3, 3, NULL),
    (112, '2024-08-19', '2024-08-19', '오전', 0.5, 13.5, '202012014', 5, 8, NULL),
    (113, '2024-08-05', '2024-08-05', '오후', 0.5, 10.0, '201911013', 1, 5, NULL),
    (114, '2024-08-16', '2024-08-16', '오전', 0.5, 12.5, '201911013', 5, 8, NULL),
    (115, '2024-07-17', '2024-07-17', '오후', 0.5, 12.0, '201314004', 4, 4, NULL),
    (116, '2024-07-31', '2024-07-31', '오전', 0.5, 13.5, '201314004', 5, 5, NULL),
    (117, '2024-06-12', '2024-06-12', '오후', 0.5, 15.0, '202311018', 5, 10, NULL),
    (118, '2024-07-13', '2024-07-13', '오후', 0.5, 11.5, '202312019', 5, 8, NULL),
    (119, '2024-06-17', '2024-06-17', '오전', 0.5, 14.5, '202311018', 3, 7, NULL),
    (120, '2024-07-04', '2024-07-04', '오전', 0.5, 10.5, '201314004', 3, 8, NULL),
    (121, '2024-06-15', '2024-06-15', '오후', 0.5, 12.5, '201212002', 2, 7, NULL),
    (122, '2024-07-21', '2024-07-21', '오후', 0.5, 12.0, '201314004', 3, 7, NULL),
    (123, '2024-07-17', '2024-07-17', '오후', 0.5, 11.5, '201314004', 4, 6, NULL),
    (124, '2024-08-07', '2024-08-07', '오전', 0.5, 9.0, '202312019', 1, 1, NULL),
    (125, '2024-06-08', '2024-06-08', '오후', 0.5, 13.5, '201911013', 5, 5, NULL),
    (126, '2024-06-06', '2024-06-06', '오전', 0.5, 11.5, '201414005', 4, 4, NULL),
    (127, '2024-05-20', '2024-05-20', '오전', 0.5, 6.0, '201615008', 5, 4, NULL),
    (128, '2024-07-12', '2024-07-12', '오전', 0.5, 10.5, '201212002', 5, 5, NULL),
    (129, '2024-07-19', '2024-07-19', '오전', 0.5, 10.5, '202311018', 5, 5, NULL),
    (130, '2024-08-30', '2024-08-30', '오전', 0.5, 7.5, '202012014', 4, 8, NULL);




INSERT INTO attendance_record (id, date, check_in_time, check_out_time, employee_id)
VALUES (1, '2012-02-03', '09:00:00', '18:00:00', 202012014),
       (2, '2012-04-12', '09:00:00', '18:00:00', 202113015),
       (3, '2012-06-25', '09:00:00', '18:00:00', 201212002),
       (4, '2012-08-09', '09:00:00', '18:00:00', 202311018),
       (5, '2012-11-15', '09:00:00', '18:00:00', 201211001),
       (6, '2013-02-13', '09:00:00', '18:00:00', 202312019),
       (7, '2013-05-10', '09:00:00', '18:00:00', 201313003),
       (8, '2013-09-12', '09:00:00', '18:00:00', 202215017),
       (9, '2013-11-21', '09:00:00', '18:00:00', 201511007),
       (10, '2014-01-29', '09:00:00', '18:00:00', 201212002),
       (11, '2014-04-11', '09:00:00', '18:00:00', 201713010),
       (12, '2014-06-14', '09:00:00', '18:00:00', 202312019),
       (13, '2014-08-12', '09:00:00', '18:00:00', 202113015),
       (14, '2014-12-17', '09:00:00', '18:00:00', 201714011),
       (15, '2015-01-30', '09:00:00', '18:00:00', 202412023),
       (16, '2015-03-23', '09:00:00', '18:00:00', 202114016),
       (17, '2015-06-14', '09:00:00', '18:00:00', 202314021),
       (18, '2015-08-19', '09:00:00', '18:00:00', 201612009),
       (19, '2015-12-15', '09:00:00', '18:00:00', 201511007),
       (20, '2016-01-14', '09:00:00', '18:00:00', 201212002),
       (21, '2016-04-19', '09:00:00', '18:00:00', 201615008),
       (22, '2016-07-13', '09:00:00', '18:00:00', 202215017),
       (23, '2016-09-17', '09:00:00', '18:00:00', 202313020),
       (24, '2016-12-29', '09:00:00', '18:00:00', 202411022),
       (25, '2017-03-10', '09:00:00', '18:00:00', 202312019),
       (26, '2017-06-12', '09:00:00', '18:00:00', 201212002),
       (27, '2017-09-18', '09:00:00', '18:00:00', 202412023),
       (28, '2017-11-21', '09:00:00', '18:00:00', 202012014),
       (29, '2018-01-17', '09:00:00', '18:00:00', 202113015),
       (30, '2018-03-13', '09:00:00', '18:00:00', 201211001),
       (31, '2018-06-20', '09:00:00', '18:00:00', 202312019),
       (32, '2018-08-22', '09:00:00', '18:00:00', 202215017),
       (33, '2018-10-11', '09:00:00', '18:00:00', 202114016),
       (34, '2019-01-16', '09:00:00', '18:00:00', 201313003),
       (35, '2019-03-19', '09:00:00', '18:00:00', 202412023),
       (36, '2019-05-13', '09:00:00', '18:00:00', 202312019),
       (37, '2019-07-15', '09:00:00', '18:00:00', 201212002),
       (38, '2019-09-18', '09:00:00', '18:00:00', 202412023),
       (39, '2019-11-21', '09:00:00', '18:00:00', 202113015),
       (40, '2020-02-13', '09:00:00', '18:00:00', 202012014),
       (41, '2020-05-11', '09:00:00', '18:00:00', 202313020),
       (42, '2020-07-19', '09:00:00', '18:00:00', 202412023),
       (43, '2020-09-23', '09:00:00', '18:00:00', 201314004),
       (44, '2020-12-30', '09:00:00', '18:00:00', 202215017),
       (45, '2021-01-12', '09:00:00', '18:00:00', 201212002),
       (46, '2021-04-20', '09:00:00', '18:00:00', 202312019),
       (47, '2021-06-13', '09:00:00', '18:00:00', 202215017),
       (48, '2021-09-12', '09:00:00', '18:00:00', 202113015),
       (49, '2021-11-14', '09:00:00', '18:00:00', 202311018),
       (50, '2022-02-17', '09:00:00', '18:00:00', 201713010),
       (51, '2022-04-14', '09:00:00', '18:00:00', 202412023),
       (52, '2022-06-12', '09:00:00', '18:00:00', 202313020),
       (53, '2022-08-15', '09:00:00', '18:00:00', 201211001),
       (54, '2022-11-18', '09:00:00', '18:00:00', 202312019),
       (55, '2023-01-16', '09:00:00', '18:00:00', 201212002),
       (56, '2023-03-14', '09:00:00', '18:00:00', 202114016),
       (57, '2023-05-19', '09:00:00', '18:00:00', 202113015),
       (58, '2023-07-16', '09:00:00', '18:00:00', 202312019),
       (59, '2023-09-13', '09:00:00', '18:00:00', 202311018),
       (60, '2023-11-21', '09:00:00', '18:00:00', 201511007),
       (61, '2024-02-13', '09:00:00', '18:00:00', 202312019),
       (62, '2024-04-12', '09:00:00', '18:00:00', 202312019),
       (63, '2024-06-19', '09:00:00', '18:00:00', 201211001),
       (64, '2012-12-01', '09:00:00', '18:00:00', 201211001),
       (65, '2012-12-05', '09:00:00', '18:00:00', 201211001),
       (66, '2012-12-10', '09:15:00', '18:00:00', 201211001),
       (67, '2012-12-15', '09:00:00', '18:00:00', 201211001),
       (68, '2012-12-20', '09:00:00', '18:00:00', 201211001),
       (69, '2012-12-25', '09:20:00', '18:00:00', 201211001),
       (70, '2013-01-01', '09:00:00', '18:00:00', 201211001),
       (71, '2013-01-05', '09:00:00', '18:00:00', 201211001),
       (72, '2013-01-10', '09:10:00', '18:00:00', 201211001),
       (73, '2013-01-15', '09:00:00', '18:00:00', 201211001),
       (74, '2013-01-20', '09:00:00', '18:00:00', 201211001),
       (75, '2013-01-25', '09:15:00', '18:00:00', 201211001),
       (76, '2013-02-01', '09:00:00', '18:00:00', 201211001),
       (77, '2013-02-05', '09:00:00', '18:00:00', 201211001),
       (78, '2013-02-10', '09:20:00', '18:00:00', 201211001),
       (79, '2013-02-15', '09:00:00', '18:00:00', 201211001),
       (80, '2013-02-20', '09:00:00', '18:00:00', 201211001),
       (81, '2013-02-25', '09:10:00', '18:00:00', 201211001),
       (82, '2013-03-01', '09:00:00', '18:00:00', 201211001),
       (83, '2013-03-05', '09:00:00', '18:00:00', 201211001),
       (84, '2013-03-10', '09:15:00', '18:00:00', 201211001),
       (85, '2013-03-15', '09:00:00', '18:00:00', 201211001),
       (86, '2013-03-20', '09:00:00', '18:00:00', 201211001),
       (87, '2013-03-25', '09:20:00', '18:00:00', 201211001),
       (88, '2013-04-01', '09:00:00', '18:00:00', 201211001),
       (89, '2013-04-05', '09:00:00', '18:00:00', 201211001),
       (90, '2013-04-10', '09:10:00', '18:00:00', 201211001),
       (91, '2013-04-15', '09:00:00', '18:00:00', 201211001),
       (92, '2013-04-20', '09:00:00', '18:00:00', 201211001),
       (93, '2013-04-25', '09:15:00', '18:00:00', 201211001),
       (94, '2013-05-01', '09:00:00', '18:00:00', 201211001),
       (95, '2013-05-05', '09:00:00', '18:00:00', 201211001),
       (96, '2013-05-10', '09:20:00', '18:00:00', 201211001),
       (97, '2013-05-15', '09:00:00', '18:00:00', 201211001),
       (98, '2013-05-20', '09:00:00', '18:00:00', 201211001),
       (99, '2013-05-25', '09:10:00', '18:00:00', 201211001),
       (100, '2013-06-01', '09:00:00', '18:00:00', 201211001),
       (101, '2024-07-02', '09:00:00', '18:00:00', 201414005),
       (102, '2024-07-03', '09:10:00', '18:00:00', 201414005),
       (103, '2024-07-04', '09:00:00', '18:00:00', 201414005),
       (104, '2024-07-05', '09:00:00', '18:00:00', 201414005),
       (105, '2024-07-06', '09:15:00', '18:00:00', 201414005),
       (106, '2024-07-07', '09:00:00', '18:00:00', 201414005),
       (107, '2024-07-08', '09:00:00', '18:00:00', 201414005),
       (108, '2024-07-09', '09:20:00', '18:00:00', 201414005),
       (109, '2024-07-10', '09:00:00', '18:00:00', 201414005);


INSERT INTO over_time_and_lateness_record (id, type, date, start_time, end_time, approval_document_id, employee_id)
VALUES (1, '연장', '2012-06-15', '18:00:00', '20:00:00', NULL, 201211001),
       (2, '휴일', '2012-07-17', '09:00:00', '13:00:00', NULL, 202215017),
       (3, '휴일', '2012-07-19', '09:00:00', '13:00:00', NULL, 202312019),
       (4, '연장', '2013-08-09', '18:00:00', '21:00:00', NULL, 201515006),
       (5, '휴일', '2013-08-21', '09:00:00', '13:00:00', NULL, 202311018),
       (6, '지각', '2013-08-29', '09:05:00', '09:05:00', NULL, 202113015),
       (7, '연장', '2014-09-14', '18:00:00', '21:00:00', NULL, 201511007),
       (8, '지각', '2014-09-19', '09:15:00', '09:15:00', NULL, 201313003),
       (9, '연장', '2014-09-22', '18:00:00', '21:00:00', NULL, 202312019),
       (10, '지각', '2014-09-30', '09:20:00', '09:20:00', NULL, 201615008),
       (11, '연장', '2015-09-23', '18:00:00', '21:00:00', NULL, 201314004),
       (12, '휴일', '2015-10-31', '09:00:00', '13:00:00', NULL, 202215017),
       (13, '지각', '2015-11-04', '09:25:00', '09:25:00', NULL, 201515006),
       (14, '연장', '2016-10-12', '18:00:00', '20:00:00', NULL, 201414005),
       (15, '지각', '2016-11-12', '09:05:00', '09:05:00', NULL, 201612009),
       (16, '휴일', '2016-11-22', '09:00:00', '13:00:00', NULL, 202311018),
       (17, '지각', '2016-11-25', '09:10:00', '09:10:00', NULL, 202312019),
       (18, '연장', '2017-12-08', '18:00:00', '21:00:00', NULL, 201713010),
       (19, '지각', '2017-12-13', '09:20:00', '09:20:00', NULL, 201211001),
       (20, '연장', '2017-12-30', '18:00:00', '20:00:00', NULL, 202312019),
       (21, '휴일', '2018-01-14', '09:00:00', '13:00:00', NULL, 201212002),
       (22, '휴일', '2018-01-18', '09:00:00', '13:00:00', NULL, 201615008),
       (23, '지각', '2018-02-27', '09:15:00', '09:15:00', NULL, 201313003),
       (24, '휴일', '2018-05-14', '09:00:00', '13:00:00', NULL, 201714011),
       (25, '연장', '2018-06-23', '18:00:00', '21:00:00', NULL, 201314004),
       (26, '연장', '2018-11-19', '18:00:00', '21:00:00', NULL, 202312019),
       (27, '연장', '2019-01-19', '18:00:00', '21:00:00', NULL, 202312019),
       (28, '지각', '2019-02-19', '09:20:00', '09:20:00', NULL, 202314021),
       (29, '연장', '2019-04-11', '18:00:00', '22:00:00', NULL, 202311018),
       (30, '지각', '2019-07-11', '09:25:00', '09:25:00', NULL, 202215017),
       (31, '연장', '2019-08-15', '18:00:00', '22:00:00', NULL, 201615008),
       (32, '휴일', '2019-10-17', '09:00:00', '13:00:00', NULL, 201313003),
       (33, '연장', '2020-03-27', '18:00:00', '21:00:00', NULL, 201314004),
       (34, '연장', '2020-06-22', '18:00:00', '22:00:00', NULL, 201511007),
       (35, '휴일', '2020-08-17', '09:00:00', '13:00:00', NULL, 201714011),
       (36, '지각', '2021-03-19', '09:15:00', '09:15:00', NULL, 201714011),
       (37, '연장', '2021-04-17', '18:00:00', '21:00:00', NULL, 201211001),
       (38, '연장', '2022-05-15', '18:00:00', '21:00:00', NULL, 202113015),
       (39, '휴일', '2022-06-20', '09:00:00', '13:00:00', NULL, 202114016),
       (40, '연장', '2023-01-11', '18:00:00', '20:00:00', NULL, 202215017),
       (41, '연장', '2023-03-15', '18:00:00', '22:00:00', NULL, 202313020),
       (42, '휴일', '2023-04-14', '09:00:00', '13:00:00', NULL, 202312019),
       (43, '휴일', '2023-05-16', '09:00:00', '13:00:00', NULL, 202311018),
       (44, '연장', '2023-06-22', '18:00:00', '22:00:00', NULL, 201511007),
       (45, '지각', '2023-07-14', '09:05:00', '09:05:00', NULL, 202113015),
       (46, '연장', '2023-09-14', '18:00:00', '21:00:00', NULL, 201314004),
       (47, '휴일', '2023-11-19', '09:00:00', '13:00:00', NULL, 202311018),
       (48, '휴일', '2024-01-14', '09:00:00', '13:00:00', NULL, 202312019),
       (49, '지각', '2024-02-16', '09:25:00', '09:25:00', NULL, 201511007),
       (50, '연장', '2024-06-30', '18:00:00', '21:00:00', NULL, 201211001),
       (51, '지각', '2012-09-25', '09:20:00', '09:20:00', NULL, 201211001),
       (52, '연장', '2012-10-01', '18:00:00', '20:00:00', NULL, 201211001),
       (53, '휴일', '2012-10-05', '09:00:00', '13:00:00', NULL, 201211001),
       (54, '지각', '2012-10-10', '09:10:00', '09:10:00', NULL, 201211001),
       (55, '연장', '2012-10-15', '18:00:00', '20:00:00', NULL, 201211001),
       (56, '휴일', '2012-10-20', '09:00:00', '13:00:00', NULL, 201211001),
       (57, '지각', '2012-10-25', '09:15:00', '09:15:00', NULL, 201211001),
       (58, '연장', '2012-11-01', '18:00:00', '20:00:00', NULL, 201211001),
       (59, '휴일', '2012-11-05', '09:00:00', '13:00:00', NULL, 201211001),
       (60, '지각', '2012-11-10', '09:20:00', '09:20:00', NULL, 201211001),
       (61, '연장', '2012-11-15', '18:00:00', '20:00:00', NULL, 201211001),
       (62, '휴일', '2012-11-20', '09:00:00', '13:00:00', NULL, 201211001),
       (63, '지각', '2012-11-25', '09:10:00', '09:10:00', NULL, 201211001),
       (64, '연장', '2012-12-01', '18:00:00', '20:00:00', NULL, 201211001),
       (65, '휴일', '2012-12-05', '09:00:00', '13:00:00', NULL, 201211001),
       (66, '지각', '2012-12-10', '09:15:00', '09:15:00', NULL, 201211001),
       (67, '연장', '2012-12-15', '18:00:00', '20:00:00', NULL, 201211001),
       (68, '휴일', '2012-12-20', '09:00:00', '13:00:00', NULL, 201211001),
       (69, '지각', '2012-12-25', '09:20:00', '09:20:00', NULL, 201211001),
       (70, '연장', '2013-01-01', '18:00:00', '20:00:00', NULL, 201211001),
       (71, '휴일', '2013-01-05', '09:00:00', '13:00:00', NULL, 201211001),
       (72, '지각', '2013-01-10', '09:10:00', '09:10:00', NULL, 201211001),
       (73, '연장', '2013-01-15', '18:00:00', '20:00:00', NULL, 201211001),
       (74, '휴일', '2013-01-20', '09:00:00', '13:00:00', NULL, 201211001),
       (75, '지각', '2013-01-25', '09:15:00', '09:15:00', NULL, 201211001),
       (76, '연장', '2013-02-01', '18:00:00', '20:00:00', NULL, 201211001),
       (77, '휴일', '2013-02-05', '09:00:00', '13:00:00', NULL, 201211001),
       (78, '지각', '2013-02-10', '09:20:00', '09:20:00', NULL, 201211001),
       (79, '연장', '2013-02-15', '18:00:00', '20:00:00', NULL, 201211001),
       (80, '휴일', '2013-02-20', '09:00:00', '13:00:00', NULL, 201211001),
       (81, '지각', '2013-02-25', '09:10:00', '09:10:00', NULL, 201211001),
       (82, '연장', '2013-03-01', '18:00:00', '20:00:00', NULL, 201211001),
       (83, '휴일', '2013-03-05', '09:00:00', '13:00:00', NULL, 201211001),
       (84, '지각', '2013-03-10', '09:15:00', '09:15:00', NULL, 201211001),
       (85, '연장', '2013-03-15', '18:00:00', '20:00:00', NULL, 201211001),
       (86, '휴일', '2013-03-20', '09:00:00', '13:00:00', NULL, 201211001),
       (87, '지각', '2013-03-25', '09:20:00', '09:20:00', NULL, 201211001),
       (88, '연장', '2013-04-01', '18:00:00', '20:00:00', NULL, 201211001),
       (89, '휴일', '2013-04-05', '09:00:00', '13:00:00', NULL, 201211001),
       (90, '지각', '2013-04-10', '09:10:00', '09:10:00', NULL, 201211001),
       (91, '연장', '2013-04-15', '18:00:00', '20:00:00', NULL, 201211001),
       (92, '휴일', '2013-04-20', '09:00:00', '13:00:00', NULL, 201211001),
       (93, '지각', '2013-04-25', '09:15:00', '09:15:00', NULL, 201211001),
       (94, '연장', '2013-05-01', '18:00:00', '20:00:00', NULL, 201211001),
       (95, '휴일', '2013-05-05', '09:00:00', '13:00:00', NULL, 201211001),
       (96, '지각', '2013-05-10', '09:20:00', '09:20:00', NULL, 201211001),
       (97, '연장', '2013-05-15', '18:00:00', '20:00:00', NULL, 201211001),
       (98, '휴일', '2013-05-20', '09:00:00', '13:00:00', NULL, 201211001),
       (99, '지각', '2013-05-25', '09:10:00', '09:10:00', NULL, 201211001),
       (100, '연장', '2013-06-01', '18:00:00', '20:00:00', NULL, 201211001),
       (101, '휴일', '2024-07-02', '09:00:00', '13:00:00', NULL, 201414005),
       (102, '지각', '2024-07-03', '09:10:00', '09:10:00', NULL, 201414005),
       (103, '연장', '2024-07-04', '18:00:00', '21:00:00', NULL, 201414005),
       (104, '휴일', '2024-07-05', '09:00:00', '13:00:00', NULL, 201414005),
       (105, '지각', '2024-07-06', '09:15:00', '09:15:00', NULL, 201414005),
       (106, '연장', '2024-07-07', '18:00:00', '20:00:00', NULL, 201414005),
       (107, '휴일', '2024-07-08', '09:00:00', '13:00:00', NULL, 201414005),
       (108, '지각', '2024-07-09', '09:20:00', '09:20:00', NULL, 201414005),
       (109, '연장', '2024-07-10', '18:00:00', '21:00:00', NULL, 201414005);
INSERT INTO over_time_and_lateness_record (id, type, date, start_time, end_time, approval_document_id, employee_id)
VALUES
       (109, '연장', '2024-07-11', '18:00:00', '21:00:00', 1, 201211001);




