-- 위에서 부터 순서대로 실행

use
officeerp;

insert into survey_category(id, category_name)
values (1, '시설'),
       (2, '팀원');


INSERT INTO survey (id, end_date, start_date, title, category_id)
VALUES (1, '2024-07-05', '2024-07-01', '회사 공용 시설 유지 관리 조사', 1);


insert into survey_question(id, question, question_order, survey_id)
values (1, '화장실의 청결 상태에 얼마나 만족하십니까?', 1, 1),
       (2, '엘리베이터의 작동 상태와 유지 관리에 얼마나 만족하십니까?', 2, 1),
       (3, '복도의 청결 상태와 유지 관리에 얼마나 만족하십니까?', 3, 1),
       (4, '회의실의 청결 상태와 시설 유지 관리에 얼마나 만족하십니까?', 4, 1),
       (5, '주차장의 청결 상태와 유지 관리에 얼마나 만족하십니까?', 5, 1),
       (6, '공용 휴게실의 청결 상태와 유지 관리에 얼마나 만족하십니까?', 6, 1),
       (7, '정수기 및 커피 머신 등의 공용 장비의 유지 관리 상태에 얼마나 만족하십니까?', 7, 1),
       (8, '회사 내 공용 쓰레기통의 청결 상태와 배치에 얼마나 만족하십니까?', 8, 1),
       (9, '공용 복사기 및 프린터의 유지 관리 상태에 얼마나 만족하십니까?', 9, 1);


INSERT INTO reply_record (answer, employee_id, job_id, question_id, survey_id)
VALUES (4, 202413024, 50, 1, 1),
       (4, 202413024, 50, 2, 1),
       (3, 202413024, 50, 3, 1),
       (4, 202413024, 50, 4, 1),
       (1, 202413024, 50, 5, 1),
       (5, 202413024, 50, 6, 1),
       (5, 202413024, 50, 7, 1),
       (4, 202413024, 50, 8, 1),
       (2, 202413024, 50, 9, 1),
-- 사원 202413024

       (3, 202412023, 50, 1, 1),
       (2, 202412023, 50, 2, 1),
       (1, 202412023, 50, 3, 1),
       (5, 202412023, 50, 4, 1),
       (1, 202412023, 50, 5, 1),
       (4, 202412023, 50, 6, 1),
       (4, 202412023, 50, 7, 1),
       (3, 202412023, 50, 8, 1),
       (3, 202412023, 50, 9, 1),
-- 사원 202412023

       (4, 202411022, 50, 1, 1),
       (2, 202411022, 50, 2, 1),
       (3, 202411022, 50, 3, 1),
       (3, 202411022, 50, 4, 1),
       (1, 202411022, 50, 5, 1),
       (3, 202411022, 50, 6, 1),
       (2, 202411022, 50, 7, 1),
       (2, 202411022, 50, 8, 1),
       (1, 202411022, 50, 9, 1),
-- 사원 202411022

       (3, 202314021, 50, 1, 1),
       (3, 202314021, 50, 2, 1),
       (3, 202314021, 50, 3, 1),
       (3, 202314021, 50, 4, 1),
       (3, 202314021, 50, 5, 1),
       (3, 202314021, 50, 6, 1),
       (3, 202314021, 50, 7, 1),
       (3, 202314021, 50, 8, 1),
       (3, 202314021, 50, 9, 1),
-- 사원 202314021

       (5, 202313020, 50, 1, 1),
       (4, 202313020, 50, 2, 1),
       (5, 202313020, 50, 3, 1),
       (3, 202313020, 50, 4, 1),
       (1, 202313020, 50, 5, 1),
       (3, 202313020, 50, 6, 1),
       (4, 202313020, 50, 7, 1),
       (5, 202313020, 50, 8, 1),
       (2, 202313020, 50, 9, 1),
-- 사원 202313020

       (4, 202312019, 50, 1, 1),
       (4, 202312019, 50, 2, 1),
       (3, 202312019, 50, 3, 1),
       (3, 202312019, 50, 4, 1),
       (3, 202312019, 50, 5, 1),
       (3, 202312019, 50, 6, 1),
       (2, 202312019, 50, 7, 1),
       (1, 202312019, 50, 8, 1),
       (1, 202312019, 50, 9, 1),
-- 사원 202312019

       (4, 202312019, 40, 1, 1),
       (3, 202312019, 40, 2, 1),
       (3, 202312019, 40, 3, 1),
       (3, 202312019, 40, 4, 1),
       (1, 202312019, 40, 5, 1),
       (4, 202312019, 40, 6, 1),
       (4, 202312019, 40, 7, 1),
       (4, 202312019, 40, 8, 1),
       (3, 202312019, 40, 9, 1),
-- 주임 202311018

       (4, 202215017, 40, 1, 1),
       (3, 202215017, 40, 2, 1),
       (3, 202215017, 40, 3, 1),
       (3, 202215017, 40, 4, 1),
       (1, 202215017, 40, 5, 1),
       (4, 202215017, 40, 6, 1),
       (4, 202215017, 40, 7, 1),
       (4, 202215017, 40, 8, 1),
       (3, 202215017, 40, 9, 1),
-- 주임 202215017

       (3, 202114016, 25, 1, 1),
       (1, 202114016, 25, 2, 1),
       (1, 202114016, 25, 3, 1),
       (2, 202114016, 25, 4, 1),
       (5, 202114016, 25, 5, 1),
       (2, 202114016, 25, 6, 1),
       (5, 202114016, 25, 7, 1),
       (4, 202114016, 25, 8, 1),
       (5, 202114016, 25, 9, 1),
-- 차장 202114016

       (1, 202113015, 30, 1, 1),
       (1, 202113015, 30, 2, 1),
       (1, 202113015, 30, 3, 1),
       (5, 202113015, 30, 4, 1),
       (5, 202113015, 30, 5, 1),
       (5, 202113015, 30, 6, 1),
       (5, 202113015, 30, 7, 1),
       (1, 202113015, 30, 8, 1),
       (5, 202113015, 30, 9, 1),
-- 과장 202113015

       (2, 202012014, 35, 1, 1),
       (2, 202012014, 35, 2, 1),
       (2, 202012014, 35, 3, 1),
       (2, 202012014, 35, 4, 1),
       (1, 202012014, 35, 5, 1),
       (2, 202012014, 35, 6, 1),
       (5, 202012014, 35, 7, 1),
       (1, 202012014, 35, 8, 1),
       (1, 202012014, 35, 9, 1),
-- 대리 202012014

       (2, 202012014, 35, 1, 1),
       (2, 202012014, 35, 2, 1),
       (2, 202012014, 35, 3, 1),
       (2, 202012014, 35, 4, 1),
       (1, 202012014, 35, 5, 1),
       (2, 202012014, 35, 6, 1),
       (5, 202012014, 35, 7, 1),
       (1, 202012014, 35, 8, 1),
       (1, 202012014, 35, 9, 1),
-- 대리 202012014

       (5, 201911013, 30, 1, 1),
       (5, 201911013, 30, 2, 1),
       (5, 201911013, 30, 3, 1),
       (5, 201911013, 30, 4, 1),
       (5, 201911013, 30, 5, 1),
       (5, 201911013, 30, 6, 1),
       (5, 201911013, 30, 7, 1),
       (5, 201911013, 30, 8, 1),
       (5, 201911013, 30, 9, 1),
-- 과장 201911013

       (5, 201815012, 50, 1, 1),
       (3, 201815012, 50, 2, 1),
       (2, 201815012, 50, 3, 1),
       (2, 201815012, 50, 4, 1),
       (1, 201815012, 50, 5, 1),
       (5, 201815012, 50, 6, 1),
       (5, 201815012, 50, 7, 1),
       (3, 201815012, 50, 8, 1),
       (3, 201815012, 50, 9, 1),
-- 사원 201815012

       (1, 201714011, 50, 1, 1),
       (3, 201714011, 50, 2, 1),
       (2, 201714011, 50, 3, 1),
       (3, 201714011, 50, 4, 1),
       (1, 201714011, 50, 5, 1),
       (5, 201714011, 50, 6, 1),
       (4, 201714011, 50, 7, 1),
       (4, 201714011, 50, 8, 1),
       (5, 201714011, 50, 9, 1),
-- 사원 201714011

       (4, 201713010, 40, 1, 1),
       (5, 201713010, 40, 2, 1),
       (4, 201713010, 40, 3, 1),
       (4, 201713010, 40, 4, 1),
       (3, 201713010, 40, 5, 1),
       (5, 201713010, 40, 6, 1),
       (2, 201713010, 40, 7, 1),
       (3, 201713010, 40, 8, 1),
       (4, 201713010, 40, 9, 1),
-- 주임 201713010

       (4, 201615008, 30, 1, 1),
       (2, 201615008, 30, 2, 1),
       (3, 201615008, 30, 3, 1),
       (5, 201615008, 30, 4, 1),
       (5, 201615008, 30, 5, 1),
       (5, 201615008, 30, 6, 1),
       (1, 201615008, 30, 7, 1),
       (3, 201615008, 30, 8, 1),
       (5, 201615008, 30, 9, 1),
-- 과장 201615008

       (3, 201612009, 25, 1, 1),
       (2, 201612009, 25, 2, 1),
       (3, 201612009, 25, 3, 1),
       (5, 201612009, 25, 4, 1),
       (4, 201612009, 25, 5, 1),
       (3, 201612009, 25, 6, 1),
       (4, 201612009, 25, 7, 1),
       (3, 201612009, 25, 8, 1),
       (2, 201612009, 25, 9, 1),
-- 차장 201612009

       (2, 201515006, 35, 1, 1),
       (4, 201515006, 35, 2, 1),
       (5, 201515006, 35, 3, 1),
       (4, 201515006, 35, 4, 1),
       (5, 201515006, 35, 5, 1),
       (2, 201515006, 35, 6, 1),
       (5, 201515006, 35, 7, 1),
       (5, 201515006, 35, 8, 1),
       (5, 201515006, 35, 9, 1),
-- 대리 201515006

       (5, 201511007, 30, 1, 1),
       (3, 201511007, 30, 2, 1),
       (3, 201511007, 30, 3, 1),
       (2, 201511007, 30, 4, 1),
       (5, 201511007, 30, 5, 1),
       (5, 201511007, 30, 6, 1),
       (2, 201511007, 30, 7, 1),
       (5, 201511007, 30, 8, 1),
       (4, 201511007, 30, 9, 1),
-- 과장 201511007

       (1, 201414005, 35, 1, 1),
       (1, 201414005, 35, 2, 1),
       (1, 201414005, 35, 3, 1),
       (1, 201414005, 35, 4, 1),
       (1, 201414005, 35, 5, 1),
       (5, 201414005, 35, 6, 1),
       (5, 201414005, 35, 7, 1),
       (1, 201414005, 35, 8, 1),
       (1, 201414005, 35, 9, 1),
-- 대리 201414005

       (3, 201314004, 30, 1, 1),
       (3, 201314004, 30, 2, 1),
       (3, 201314004, 30, 3, 1),
       (2, 201314004, 30, 4, 1),
       (3, 201314004, 30, 5, 1),
       (5, 201314004, 30, 6, 1),
       (5, 201314004, 30, 7, 1),
       (3, 201314004, 30, 8, 1),
       (3, 201314004, 30, 9, 1),
-- 과장 201314004

       (5, 201313003, 20, 1, 1),
       (5, 201313003, 20, 2, 1),
       (5, 201313003, 20, 3, 1),
       (5, 201313003, 20, 4, 1),
       (5, 201313003, 20, 5, 1),
       (5, 201313003, 20, 6, 1),
       (5, 201313003, 20, 7, 1),
       (5, 201313003, 20, 8, 1),
       (5, 201313003, 20, 9, 1),
-- 부장 201313003

       (5, 201212002, 25, 1, 1),
       (5, 201212002, 25, 2, 1),
       (5, 201212002, 25, 3, 1),
       (5, 201212002, 25, 4, 1),
       (5, 201212002, 25, 5, 1),
       (5, 201212002, 25, 6, 1),
       (5, 201212002, 25, 7, 1),
       (5, 201212002, 25, 8, 1),
       (5, 201212002, 25, 9, 1),
-- 차장 201212002

       (4, 201211001, 20, 1, 1),
       (4, 201211001, 20, 2, 1),
       (4, 201211001, 20, 3, 1),
       (4, 201211001, 20, 4, 1),
       (2, 201211001, 20, 5, 1),
       (4, 201211001, 20, 6, 1),
       (4, 201211001, 20, 7, 1),
       (3, 201211001, 20, 8, 1),
       (3, 201211001, 20, 9, 1);
-- 부장 201211001